
<RENDERBATCH>

  <RENDERIMG RASNAME="/home/lin/Develop/Xilinx_Xps/openhw_pro/xps_proj/SDK/SDK_Export/hw/imgs/clock_generator_0.jpg" SVGNAME="/home/lin/Develop/Xilinx_Xps/openhw_pro/xps_proj/SDK/SDK_Export/hw/imgs/clock_generator_0.svg" TMPSVGFN="/home/lin/Develop/Xilinx_Xps/openhw_pro/xps_proj/__xps/.dswkshop/clock_generator_0.svg"/>

  <RENDERIMG RASNAME="/home/lin/Develop/Xilinx_Xps/openhw_pro/xps_proj/SDK/SDK_Export/hw/imgs/reset_0.jpg" SVGNAME="/home/lin/Develop/Xilinx_Xps/openhw_pro/xps_proj/SDK/SDK_Export/hw/imgs/reset_0.svg" TMPSVGFN="/home/lin/Develop/Xilinx_Xps/openhw_pro/xps_proj/__xps/.dswkshop/reset_0.svg"/>

  <RENDERIMG RASNAME="/home/lin/Develop/Xilinx_Xps/openhw_pro/xps_proj/SDK/SDK_Export/hw/imgs/processing_system7_0.jpg" SVGNAME="/home/lin/Develop/Xilinx_Xps/openhw_pro/xps_proj/SDK/SDK_Export/hw/imgs/processing_system7_0.svg" TMPSVGFN="/home/lin/Develop/Xilinx_Xps/openhw_pro/xps_proj/__xps/.dswkshop/processing_system7_0.svg"/>

  <RENDERIMG RASNAME="/home/lin/Develop/Xilinx_Xps/openhw_pro/xps_proj/SDK/SDK_Export/hw/imgs/axi_clkgen_0.jpg" SVGNAME="/home/lin/Develop/Xilinx_Xps/openhw_pro/xps_proj/SDK/SDK_Export/hw/imgs/axi_clkgen_0.svg" TMPSVGFN="/home/lin/Develop/Xilinx_Xps/openhw_pro/xps_proj/__xps/.dswkshop/axi_clkgen_0.svg"/>

  <RENDERIMG RASNAME="/home/lin/Develop/Xilinx_Xps/openhw_pro/xps_proj/SDK/SDK_Export/hw/imgs/axi_interconnect_1.jpg" SVGNAME="/home/lin/Develop/Xilinx_Xps/openhw_pro/xps_proj/SDK/SDK_Export/hw/imgs/axi_interconnect_1.svg" TMPSVGFN="/home/lin/Develop/Xilinx_Xps/openhw_pro/xps_proj/__xps/.dswkshop/axi_interconnect_1.svg"/>

  <RENDERIMG RASNAME="/home/lin/Develop/Xilinx_Xps/openhw_pro/xps_proj/SDK/SDK_Export/hw/imgs/axi_hdmi_tx_16b_0.jpg" SVGNAME="/home/lin/Develop/Xilinx_Xps/openhw_pro/xps_proj/SDK/SDK_Export/hw/imgs/axi_hdmi_tx_16b_0.svg" TMPSVGFN="/home/lin/Develop/Xilinx_Xps/openhw_pro/xps_proj/__xps/.dswkshop/axi_hdmi_tx_16b_0.svg"/>

  <RENDERIMG RASNAME="/home/lin/Develop/Xilinx_Xps/openhw_pro/xps_proj/SDK/SDK_Export/hw/imgs/axi_i2s_adi_0.jpg" SVGNAME="/home/lin/Develop/Xilinx_Xps/openhw_pro/xps_proj/SDK/SDK_Export/hw/imgs/axi_i2s_adi_0.svg" TMPSVGFN="/home/lin/Develop/Xilinx_Xps/openhw_pro/xps_proj/__xps/.dswkshop/axi_i2s_adi_0.svg"/>

  <RENDERIMG RASNAME="/home/lin/Develop/Xilinx_Xps/openhw_pro/xps_proj/SDK/SDK_Export/hw/imgs/axi_spdif_tx_0.jpg" SVGNAME="/home/lin/Develop/Xilinx_Xps/openhw_pro/xps_proj/SDK/SDK_Export/hw/imgs/axi_spdif_tx_0.svg" TMPSVGFN="/home/lin/Develop/Xilinx_Xps/openhw_pro/xps_proj/__xps/.dswkshop/axi_spdif_tx_0.svg"/>

  <RENDERIMG RASNAME="/home/lin/Develop/Xilinx_Xps/openhw_pro/xps_proj/SDK/SDK_Export/hw/imgs/axi_dma_i2s.jpg" SVGNAME="/home/lin/Develop/Xilinx_Xps/openhw_pro/xps_proj/SDK/SDK_Export/hw/imgs/axi_dma_i2s.svg" TMPSVGFN="/home/lin/Develop/Xilinx_Xps/openhw_pro/xps_proj/__xps/.dswkshop/axi_dma_i2s.svg"/>

  <RENDERIMG RASNAME="/home/lin/Develop/Xilinx_Xps/openhw_pro/xps_proj/SDK/SDK_Export/hw/imgs/axi_interconnect_2.jpg" SVGNAME="/home/lin/Develop/Xilinx_Xps/openhw_pro/xps_proj/SDK/SDK_Export/hw/imgs/axi_interconnect_2.svg" TMPSVGFN="/home/lin/Develop/Xilinx_Xps/openhw_pro/xps_proj/__xps/.dswkshop/axi_interconnect_2.svg"/>

  <RENDERIMG RASNAME="/home/lin/Develop/Xilinx_Xps/openhw_pro/xps_proj/SDK/SDK_Export/hw/imgs/axi_dma_spdif.jpg" SVGNAME="/home/lin/Develop/Xilinx_Xps/openhw_pro/xps_proj/SDK/SDK_Export/hw/imgs/axi_dma_spdif.svg" TMPSVGFN="/home/lin/Develop/Xilinx_Xps/openhw_pro/xps_proj/__xps/.dswkshop/axi_dma_spdif.svg"/>

  <RENDERIMG RASNAME="/home/lin/Develop/Xilinx_Xps/openhw_pro/xps_proj/SDK/SDK_Export/hw/imgs/axi_interconnect_3.jpg" SVGNAME="/home/lin/Develop/Xilinx_Xps/openhw_pro/xps_proj/SDK/SDK_Export/hw/imgs/axi_interconnect_3.svg" TMPSVGFN="/home/lin/Develop/Xilinx_Xps/openhw_pro/xps_proj/__xps/.dswkshop/axi_interconnect_3.svg"/>

  <RENDERIMG RASNAME="/home/lin/Develop/Xilinx_Xps/openhw_pro/xps_proj/SDK/SDK_Export/hw/imgs/axi_vdma_0.jpg" SVGNAME="/home/lin/Develop/Xilinx_Xps/openhw_pro/xps_proj/SDK/SDK_Export/hw/imgs/axi_vdma_0.svg" TMPSVGFN="/home/lin/Develop/Xilinx_Xps/openhw_pro/xps_proj/__xps/.dswkshop/axi_vdma_0.svg"/>

  <RENDERIMG RASNAME="/home/lin/Develop/Xilinx_Xps/openhw_pro/xps_proj/SDK/SDK_Export/hw/imgs/axi_gpio_i2s.jpg" SVGNAME="/home/lin/Develop/Xilinx_Xps/openhw_pro/xps_proj/SDK/SDK_Export/hw/imgs/axi_gpio_i2s.svg" TMPSVGFN="/home/lin/Develop/Xilinx_Xps/openhw_pro/xps_proj/__xps/.dswkshop/axi_gpio_i2s.svg"/>

  <RENDERIMG RASNAME="/home/lin/Develop/Xilinx_Xps/openhw_pro/xps_proj/SDK/SDK_Export/hw/imgs/axi_iic_hdmi.jpg" SVGNAME="/home/lin/Develop/Xilinx_Xps/openhw_pro/xps_proj/SDK/SDK_Export/hw/imgs/axi_iic_hdmi.svg" TMPSVGFN="/home/lin/Develop/Xilinx_Xps/openhw_pro/xps_proj/__xps/.dswkshop/axi_iic_hdmi.svg"/>

  <RENDERIMG RASNAME="/home/lin/Develop/Xilinx_Xps/openhw_pro/xps_proj/SDK/SDK_Export/hw/imgs/axi_iic_i2s.jpg" SVGNAME="/home/lin/Develop/Xilinx_Xps/openhw_pro/xps_proj/SDK/SDK_Export/hw/imgs/axi_iic_i2s.svg" TMPSVGFN="/home/lin/Develop/Xilinx_Xps/openhw_pro/xps_proj/__xps/.dswkshop/axi_iic_i2s.svg"/>

  <RENDERIMG RASNAME="/home/lin/Develop/Xilinx_Xps/openhw_pro/xps_proj/SDK/SDK_Export/hw/imgs/util_vector_logic_0.jpg" SVGNAME="/home/lin/Develop/Xilinx_Xps/openhw_pro/xps_proj/SDK/SDK_Export/hw/imgs/util_vector_logic_0.svg" TMPSVGFN="/home/lin/Develop/Xilinx_Xps/openhw_pro/xps_proj/__xps/.dswkshop/util_vector_logic_0.svg"/>

  <RENDERIMG RASNAME="/home/lin/Develop/Xilinx_Xps/openhw_pro/xps_proj/SDK/SDK_Export/hw/imgs/axi_iic_sensor.jpg" SVGNAME="/home/lin/Develop/Xilinx_Xps/openhw_pro/xps_proj/SDK/SDK_Export/hw/imgs/axi_iic_sensor.svg" TMPSVGFN="/home/lin/Develop/Xilinx_Xps/openhw_pro/xps_proj/__xps/.dswkshop/axi_iic_sensor.svg"/>

  <RENDERIMG RASNAME="/home/lin/Develop/Xilinx_Xps/openhw_pro/xps_proj/SDK/SDK_Export/hw/imgs/axi_gpio_0.jpg" SVGNAME="/home/lin/Develop/Xilinx_Xps/openhw_pro/xps_proj/SDK/SDK_Export/hw/imgs/axi_gpio_0.svg" TMPSVGFN="/home/lin/Develop/Xilinx_Xps/openhw_pro/xps_proj/__xps/.dswkshop/axi_gpio_0.svg"/>

  <RENDERIMG RASNAME="/home/lin/Develop/Xilinx_Xps/openhw_pro/xps_proj/SDK/SDK_Export/hw/imgs/robot_pwm_ip_0.jpg" SVGNAME="/home/lin/Develop/Xilinx_Xps/openhw_pro/xps_proj/SDK/SDK_Export/hw/imgs/robot_pwm_ip_0.svg" TMPSVGFN="/home/lin/Develop/Xilinx_Xps/openhw_pro/xps_proj/__xps/.dswkshop/robot_pwm_ip_0.svg"/>

  <RENDERIMG RASNAME="/home/lin/Develop/Xilinx_Xps/openhw_pro/xps_proj/SDK/SDK_Export/hw/imgs/robot_pwm_ip_1.jpg" SVGNAME="/home/lin/Develop/Xilinx_Xps/openhw_pro/xps_proj/SDK/SDK_Export/hw/imgs/robot_pwm_ip_1.svg" TMPSVGFN="/home/lin/Develop/Xilinx_Xps/openhw_pro/xps_proj/__xps/.dswkshop/robot_pwm_ip_1.svg"/>

  <RENDERIMG RASNAME="/home/lin/Develop/Xilinx_Xps/openhw_pro/xps_proj/SDK/SDK_Export/hw/imgs/robot_steer_ip_0.jpg" SVGNAME="/home/lin/Develop/Xilinx_Xps/openhw_pro/xps_proj/SDK/SDK_Export/hw/imgs/robot_steer_ip_0.svg" TMPSVGFN="/home/lin/Develop/Xilinx_Xps/openhw_pro/xps_proj/__xps/.dswkshop/robot_steer_ip_0.svg"/>

  <RENDERIMG RASNAME="/home/lin/Develop/Xilinx_Xps/openhw_pro/xps_proj/SDK/SDK_Export/hw/imgs/robot_steer_ip_1.jpg" SVGNAME="/home/lin/Develop/Xilinx_Xps/openhw_pro/xps_proj/SDK/SDK_Export/hw/imgs/robot_steer_ip_1.svg" TMPSVGFN="/home/lin/Develop/Xilinx_Xps/openhw_pro/xps_proj/__xps/.dswkshop/robot_steer_ip_1.svg"/>

  <RENDERIMG RASNAME="/home/lin/Develop/Xilinx_Xps/openhw_pro/xps_proj/SDK/SDK_Export/hw/imgs/axi_interconnect_4.jpg" SVGNAME="/home/lin/Develop/Xilinx_Xps/openhw_pro/xps_proj/SDK/SDK_Export/hw/imgs/axi_interconnect_4.svg" TMPSVGFN="/home/lin/Develop/Xilinx_Xps/openhw_pro/xps_proj/__xps/.dswkshop/axi_interconnect_4.svg"/>

  <RENDERIMG RASNAME="/home/lin/Develop/Xilinx_Xps/openhw_pro/xps_proj/SDK/SDK_Export/hw/imgs/robot_steer_ip_2.jpg" SVGNAME="/home/lin/Develop/Xilinx_Xps/openhw_pro/xps_proj/SDK/SDK_Export/hw/imgs/robot_steer_ip_2.svg" TMPSVGFN="/home/lin/Develop/Xilinx_Xps/openhw_pro/xps_proj/__xps/.dswkshop/robot_steer_ip_2.svg"/>

  <RENDERIMG RASNAME="/home/lin/Develop/Xilinx_Xps/openhw_pro/xps_proj/SDK/SDK_Export/hw/imgs/robot_steer_ip_3.jpg" SVGNAME="/home/lin/Develop/Xilinx_Xps/openhw_pro/xps_proj/SDK/SDK_Export/hw/imgs/robot_steer_ip_3.svg" TMPSVGFN="/home/lin/Develop/Xilinx_Xps/openhw_pro/xps_proj/__xps/.dswkshop/robot_steer_ip_3.svg"/>

  <RENDERIMG RASNAME="/home/lin/Develop/Xilinx_Xps/openhw_pro/xps_proj/SDK/SDK_Export/hw/imgs/robot_steer_ip_4.jpg" SVGNAME="/home/lin/Develop/Xilinx_Xps/openhw_pro/xps_proj/SDK/SDK_Export/hw/imgs/robot_steer_ip_4.svg" TMPSVGFN="/home/lin/Develop/Xilinx_Xps/openhw_pro/xps_proj/__xps/.dswkshop/robot_steer_ip_4.svg"/>

  <RENDERIMG RASNAME="/home/lin/Develop/Xilinx_Xps/openhw_pro/xps_proj/SDK/SDK_Export/hw/imgs/system_blkd.jpg" SVGNAME="/home/lin/Develop/Xilinx_Xps/openhw_pro/xps_proj/SDK/SDK_Export/hw/imgs/system_blkd.svg" TMPSVGFN="/home/lin/Develop/Xilinx_Xps/openhw_pro/xps_proj/__xps/.dswkshop/system_blkd.svg"/>

</RENDERBATCH>